insert into koltseghely(ktghely,ktghelynev) values
('11-110-0','Törzs Ügyvezető'),
('11-120-0','Folyamatszervezési és Informatikai Ö.Cs.'),
('11-335-0','Minőségirányítási csoport'),
('11-210-0','Humánügyi és Bérelszámolási Osztály'),
('11-220-0','Tervezési és Controlling Osztály'),
('11-230-0','Pénzügyi és Számviteli Osztály'),
('11-250-0','Közbeszerzési és Versenyeztetési Csoport'),
('11-260-0','Anyaggazdálkodási Osztály'),
('21-322-1','Központi Raktár'),
('21-322-3','Szerszámraktár'),
('11-400-0','Termelési Főosztály'),
('12-330-0','Minőségellenőrzési Csoport'),
('12-420-0','Járműjavító Üzem'),
('12-430-0','Fődarabjavító Üzem'),
('12-440-0','Termeléskoor. és Üzemgazd. Csoport'),
('13-321-0','SM szerelő'),
('13-421-0','Járműlakatos  művezetőség'),
('13-422-0','Járműszerelő művezetőség'),
('13-423-0','Jármű villanyszerelő művezetőség'),
('13-424-0','Fényező művezetőség'),
('13-425-0','Asztalos művezetőség'),
('13-431-0','Motorjavító műhely'),
('13-432-0','Kerékpárjavító műhely'),
('13-433-0','Forgóváz-javító műhely'),
('13-441-0','Alkatrészgyártó művezetőség'),
('13-443-0','Műszerész tevékenység'),
('13-444-0','Kitérőgyártó csoport'),
('11-300-0','Műszaki és Termelést Előkészítő Főoszt.'),
('11-310-0','Technológiai Osztály'),
('11-330-0','Üzemfenntartás'),
('11-410-0','Termékfejlesztési és Értékesítési Osztál'),
('12-340-0','Állapotfelvevők'),
('13-333-0','Hibajavítók'),
('14-460-0','Szakmunkásképző csoport');
insert into dolgozo(torzsszam,vnev,knev,hnev,titulus,ktghely) values
('95248','Balaskó','Angéla','Ildikó','dr.','11-110-0'),
('95481','Bassola','Eszter','','dr.','11-110-0'),
('93585','Boros','Tibor','István','','11-110-0'),
('93360','Dongó','Péter','','','11-110-0'),
('94331','Gulyásné Sasvári','Mária','Erzsébet','','11-110-0'),
('95051','Kalmár','Lajosné','','','11-110-0'),
('95340','Kiss','Teréz','','','11-110-0'),
('95241','Takács-Szabados','Zsuzsanna','','','11-110-0'),
('95020','Várszegi','Gyula','Ervin','','11-110-0'),
('95483','Fenyvesy','László','','','11-120-0'),
('93901','Sepler','Ádám','','','11-120-0'),
('95157','Szalkai','József','','','11-120-0'),
('95463','Ipach','Corina','','','11-335-0'),
('94970','Jobban','Zoltán','Tibor','','11-335-0'),
('95509','Laczkó-Albert','Annamária','','','11-335-0'),
('95153','Faragó','Istvánné','','','11-210-0'),
('95355','Nagyné Huszár','Andrea','','','11-210-0'),
('95353','Papp','Erika','','','11-210-0'),
('95349','Simon','Melinda','','','11-210-0'),
('94832','Bánkiné Békés','Andrea','','','11-220-0'),
('94541','Galambosné Stuhán','Beáta','','','11-220-0'),
('95237','Hunyadi','Szandra','','','11-220-0'),
('94925','Kallós','Dóra','','','11-220-0'),
('94519','Bront','Zsuzsanna','','','11-230-0'),
('94311','Kovács','Erika','','','11-230-0'),
('94971','Sinkó','Klaudia','','','11-230-0'),
('95141','Takácsné Varga','Judit','','','11-230-0'),
('95378','Tamás','Mária','','','11-230-0'),
('95240','Weiser','Gabriella','','','11-230-0'),
('94892','Kozák-Németh','Eszter','','','11-250-0'),
('95114','Marsi','Melinda','Zsanett','','11-250-0'),
('95155','Monori','Anita','','','11-250-0'),
('95247','Aug','Mariann','','','11-260-0'),
('94959','Czibiné Monori','Hajnalka','','','11-260-0'),
('93920','Gulyás','Tibor','','','11-260-0'),
('94957','Gyetván','Ádám','','','11-260-0'),
('94942','Körmendi','Bence','','','11-260-0'),
('94735','Sepler','Ádámné','','','11-260-0'),
('95428','Takács','Edina','','','11-260-0'),
('93409','Boda','József','','','21-322-1'),
('95457','Dékányné Csomortáni','Katalin','','','21-322-1'),
('95384','Gál','Dóra','','','21-322-1'),
('95156','Gerse','Ferenc','','','21-322-1'),
('94880','Kiss','Lajos','','','21-322-1'),
('95468','Litauszki','István','','','21-322-1'),
('95337','Pető','Csaba','István','','21-322-1'),
('94716','Szikora','Györgyné','','','11-210-0'),
('95522','Török','Balázs','','','21-322-1'),
('93310','Varga','Zoltán','','','21-322-1'),
('95356','Zoltán','Anna','','','21-322-1'),
('93570','Szabóné Vörös','Angelika','','','21-322-3'),
('95517','Balogh','László','Imre','','11-400-0'),
('95432','Izápy','Levente','','','11-400-0'),
('95249','Balogh','Csaba','Imre','','12-330-0'),
('95245','Berta','Béla','','','12-330-0'),
('94710','Boós','Tamás','','','12-330-0'),
('94717','Csik','Ferenc','','','12-330-0'),
('94650','Gyarmati','Boldizsár','','','12-330-0'),
('95389','Kóczián','László','József','','12-330-0'),
('95431','Nagy','Erzsébet','','','12-330-0'),
('94636','Patai','Sándor','','','12-330-0'),
('95077','Remmer','Tibor','','','12-330-0'),
('94366','Bánki','Gábor','','','12-420-0'),
('94579','Berczi','Balázs','','','12-420-0'),
('93758','Galló','György','','','12-420-0'),
('93351','Molnár','Géza','','','12-420-0'),
('93395','Scheidt','Béla','István','','12-420-0'),
('93566','Székely','Brigitta','','','12-420-0'),
('95069','Tánczos','Károly','','','12-420-0'),
('94015','Bognár','Gyula','','','12-430-0'),
('93881','Edőcs','Attila','','','12-430-0'),
('93438','Füzi','Attila','','','12-430-0'),
('95199','Juhász','Bence','','','12-430-0'),
('93353','Pálovics','Csaba','','','12-430-0'),
('93374','Somogyi','Gábor','','','12-430-0'),
('93417','Szernecz','Gábor','','','12-430-0'),
('93571','Thurzóné Fehér','Hajnalka','','','12-430-0'),
('93425','Zanker','László','','','12-430-0'),
('94758','Babai','Csilla','','','12-440-0'),
('93558','Bősze','Katalin','','','12-440-0'),
('93362','Fekete','László','','','12-440-0'),
('93855','Kovács','Miklós','','','12-440-0'),
('93782','Szikora','György','','','12-440-0'),
('95531','Balog','Tamás','','','13-321-0'),
('95320','Bánszki','László','Balázs','','13-321-0'),
('95530','Czimrák','György','','','13-321-0'),
('94295','Domonyi','Ferenc','','','13-321-0'),
('94026','Dóra','István','','','13-321-0'),
('95109','Drevenka','László','','','13-321-0'),
('95472','Farkas','Gábor','','','13-321-0'),
('94378','Hegedűs','Balázs','','','13-321-0'),
('95525','Kármán','István','Zoltán','','13-321-0'),
('95366','Lelesz','Tibor','','','13-321-0'),
('95134','Sárközi','László','','','13-321-0'),
('95474','Szász','József','Péter','','13-321-0'),
('95138','Szentmiklósi','Gábor','','','13-321-0'),
('95398','Bognár','Ferenc','','','13-421-0'),
('95462','Borsody','Olivér','','','13-421-0'),
('95215','Csonka','Zoltán','Endre','','13-421-0'),
('95374','Fekete','Levente','','','13-421-0'),
('95375','Gányási','Dávid','','','13-421-0'),
('93774','Geresics','Zoltán','','','13-421-0'),
('95529','Gergely','Albert','','','13-421-0'),
('95406','Harcsa','Péter','','','13-421-0'),
('95218','Hartmann','Bence','','','13-421-0'),
('93411','Illés','Ferenc','','','13-421-0'),
('94723','Jabronka','Sándor','','','13-421-0'),
('95294','Jakabovics','Imre','','','13-421-0'),
('95068','Kardos','Gábor','','','13-421-0'),
('93434','Kelemen','János','','','13-421-0'),
('94899','Kis','László','Barnabás','','13-421-0'),
('95381','Kiss','Sándor','','','13-421-0'),
('95095','Kozma','László','','','13-421-0'),
('95408','Ludányi','József','','','13-421-0'),
('94578','Menyhárt','Imre','','','13-421-0'),
('93972','Molnár','Attila','','','13-421-0'),
('95508','Nemes','Gábor','','','13-421-0'),
('95228','Németh','László','István','','13-421-0'),
('93898','Oláh','Tamás','','','13-421-0'),
('93625','Ozsváth','Artúr','','','13-421-0'),
('93435','Pap','Attila','','','13-421-0'),
('95502','Pesti','Imre','','','13-421-0'),
('95506','Rafael','János','','','13-421-0'),
('94722','Seres','Péter','Pál','','13-421-0'),
('93389','Somogyi','Attila','','','13-421-0'),
('94728','Szabó','János','','','13-421-0'),
('94765','Torma','Gábor','','','13-421-0'),
('95526','Tóth','Péter','','','13-421-0'),
('93897','Valkó','László','','','13-421-0'),
('95224','Vavrik','Zoltán','','','13-421-0'),
('93406','Babák','László','','','13-422-0'),
('94772','Bartal','Ferenc','','','13-422-0'),
('95293','Csáki','János','','','13-422-0'),
('94148','Dobos','József','','','13-422-0'),
('95063','Fodor','Zoltán','','','13-422-0'),
('94425','Fundukidisz','Szokrátész','','','13-422-0'),
('93638','Grózinger','Sándor','','','13-422-0'),
('93376','Kitka','Tibor','','','13-422-0'),
('93415','Kocsis','Zoltán','','','13-422-0'),
('94002','Kuti','István','','','13-422-0'),
('93453','Maka','Károly','József','','13-422-0'),
('93786','Máj','Henrik','','','13-422-0'),
('95070','Monfera','Tibor','','','13-422-0'),
('93914','Paunoch','Krisztián','','','13-422-0'),
('95448','Pósfai','András','Arnold','','13-422-0'),
('95473','Simon','Ádám','','','13-422-0'),
('93865','Szentmiklósi','Zsolt','','','13-422-0'),
('95001','Széles','Zoltán','Attila','','13-422-0'),
('95067','Bán','Ferenc','','','13-423-0'),
('93642','Bischoff','László','','','13-423-0'),
('93350','Csepelyi','Gusztáv','','','13-423-0'),
('95130','Dócs','Endre','','','13-423-0'),
('94988','Frideczki','Olivér','','','13-423-0'),
('93432','Halász','Géza','Tibor','','13-423-0'),
('93330','Kis','Zoltán','Károly','','13-423-0'),
('95479','Kisné Kanyó','Mária','','','13-423-0'),
('95385','Kőhalmi','Krisztián','','','13-423-0'),
('94534','Krénn','Lőrinc','','','13-423-0'),
('93367','Lenge','Zoltán','','','13-423-0'),
('93751','Máj','Tamás','','','13-423-0'),
('95179','Márhoffer','Attila','','','13-423-0'),
('93392','Orosz','László','','','13-423-0'),
('93373','Simon','Attila','','','13-423-0'),
('95421','Sinka','Zoltán','','','13-423-0'),
('94393','Sóvágó','Zoltán','','','13-423-0'),
('95152','Staniow','Tamás','','','13-423-0'),
('95383','Szabó','Gábor','Dávid','','13-423-0'),
('95478','Szabó','Ilona','','','13-423-0'),
('94336','Tápler','János','','','13-423-0'),
('93429','Tóth','Ferenc','','','13-423-0'),
('94528','Török','Péter','','','13-423-0'),
('95075','Varga','Tamás','János','','13-423-0'),
('95446','Vörös','Dominik','','','13-423-0'),
('94588','Balogh','István','','','13-424-0'),
('95486','Berényi','Tamás','','','13-424-0'),
('95118','Boda','Attila','','','13-424-0'),
('95464','Dodek','József','','','13-424-0'),
('94841','Dudar','György','','','13-424-0'),
('95512','Fridrich','József','','','13-424-0'),
('93859','Haludka','László','','','13-424-0'),
('95274','Hegedűs','Péter','','','13-424-0'),
('95513','Juhász','Bence','','','13-424-0'),
('94629','Kohári','István','','','13-424-0'),
('94582','Kovács','Attila','','','13-424-0'),
('94639','Kovács','József','László','','13-424-0'),
('95223','Kőpájer','János','','','13-424-0'),
('94842','Kőröshegyi','Csaba','','','13-424-0'),
('95227','Meszes','Zoltán','','','13-424-0'),
('94960','Oláh','Tibor','','','13-424-0'),
('95033','Sátori','Dániel','József','','13-424-0'),
('95528','Szám','Péter','','','13-424-0'),
('95494','Számel','Tibor','','','13-424-0'),
('95352','Székely','Kálmán','','','13-424-0'),
('93414','Takács','Károly','','','13-424-0'),
('95278','Zvornyik','Krisztina','','','13-424-0'),
('94243','Bőr','Gábor','','','13-425-0'),
('94232','Gémesi','János','','','13-425-0'),
('95131','Horváth','Dániel','Viktor','','13-425-0'),
('94244','Kuknyó','László','','','13-425-0'),
('95154','Oszvald','Ferenc','','','13-425-0'),
('93876','Palásti','Zoltán','','','13-425-0'),
('95196','Sipos','László','','','13-425-0'),
('95523','Szalma','Zoltán','','','13-425-0'),
('95117','Széles','Sándor','','','13-425-0'),
('95092','Vágányik','Mihály','','','13-425-0'),
('93381','Biró','Frigyes','','','13-431-0'),
('93314','Csizmadia','Zsigmond','','','13-431-0'),
('95407','Fodor','Zsolt','','','13-431-0'),
('95426','Gáspár','Ferenc','Imre','','13-431-0'),
('95251','Kovács','Ádám','Richárd','','13-431-0'),
('95413','Lekk','Tamás','','','13-431-0'),
('94135','Rettegi','Tibor','','','13-431-0'),
('94864','Sántits','Zoltán','','','13-431-0'),
('95427','Szabó','Károly','','','13-431-0'),
('95214','Vaida','Adrian','','','13-431-0'),
('94065','Veszelik','Pál','András','','13-431-0'),
('95395','Baker','Andy','George','','13-432-0'),
('93452','Botyánszki','Zsolt','Béla','','13-432-0'),
('95202','Bölcskei','László','','','13-432-0'),
('93852','Bujáki','János','','','13-432-0'),
('95269','Gidófalvi','István','','','13-432-0'),
('93355','Hegedüs','Gyula','','','13-432-0'),
('94810','Holecskó','József','','','13-432-0'),
('95484','Jambrich','Sándor','','','13-432-0'),
('95198','Kecser','Dénes','','','13-432-0'),
('95047','Kis','Csaba','István','','13-432-0'),
('93446','Lezsák','Zsolt','','','13-432-0'),
('93750','Lojdl','József','Imre','','13-432-0'),
('93304','Nagy','István','Lajos','','13-432-0'),
('94870','Plavecz','András','','','13-432-0'),
('93363','Seidl','Ferenc','','','13-432-0'),
('95339','Sinka','Péter','Pál','','13-432-0'),
('95101','Szabó','Csaba','','','13-432-0'),
('93785','Sziládi','Csaba','József','','13-432-0'),
('95055','Szőke','Szabolcs','','','13-432-0'),
('94676','Varga','János','Tamás','','13-432-0'),
('95377','Varga','Krisztofer','','','13-432-0'),
('94679','Balogh','István','','','13-433-0'),
('95322','Birnat','Anton','','','13-433-0'),
('95176','Bodnár','Csaba','Gyula','','13-433-0'),
('95194','Elek','Lajos','','','13-433-0'),
('95397','Hahn','András','','','13-433-0'),
('94367','Juhász','Gyula','','','13-433-0'),
('93391','Kovács','Kálmán','','','13-433-0'),
('93364','Kovács','Zoltán','','','13-433-0'),
('93941','László','Tibor','','','13-433-0'),
('93970','Lukács','Sándor','','','13-433-0'),
('95470','Nagy','Pál','','','13-433-0'),
('93460','Oszkó','Imre','István','','13-433-0'),
('95466','Sipos','Zsolt','','','13-433-0'),
('93384','Szalóczi','János','','','13-433-0'),
('94646','Telek','Csaba','','','13-433-0'),
('95188','Tóth','Gábor','','','13-433-0'),
('93795','Vedrédi','Attila','','','13-433-0'),
('95250','Bodai','Bence','','','13-441-0'),
('95524','Boldizsár','György','','','13-441-0'),
('93861','Dudás','Pál','','','13-441-0'),
('95057','Farkas','Ferenc','','','13-441-0'),
('93313','Gellény','Ottó','','','13-441-0'),
('95180','Gyurcsák','Ferenc','','','13-441-0'),
('94886','Kovács','Róbert','','','13-441-0'),
('95167','Lovász','Adrián','','','13-441-0'),
('95174','Mezei','György','','','13-441-0'),
('94736','Nagy','Szilveszter','','','13-441-0'),
('93308','Németh','Béla','','','13-441-0'),
('93343','Pápai','Lajos','Károly','','13-441-0'),
('95331','Rédl','Ferenc','','','13-441-0'),
('93338','Szabó','János','Sándor','','13-441-0'),
('93826','Toman','Nándor','','','13-441-0'),
('95497','Zsiák','Roland','Erik','','13-441-0'),
('93790','Ács','Attila','','','13-443-0'),
('93926','Bóna','Gábor','','','13-443-0'),
('95321','Böröczi','Richárd','','','13-443-0'),
('95203','Cserni','Sándor','','','13-443-0'),
('93437','Cserny','Csaba','István','','13-443-0'),
('95328','Csorba','Péter','','','13-443-0'),
('95527','Hamar','Árpád','','','13-443-0'),
('95511','Hujacz','Zoltán','','','13-443-0'),
('93561','Jenei','Lászlóné','','','13-443-0'),
('93319','Kalmár','István','László','','13-443-0'),
('94981','Kaszás','Tamás','','','13-443-0'),
('95200','Kiss','Ádám','','','13-443-0'),
('94935','Kiss','Ákos','','','13-443-0'),
('95475','Kövesdi','Tibor','','','13-443-0'),
('95168','Máthé','Norbert','','','13-443-0'),
('94033','Németi','László','Imre','','13-443-0'),
('94361','Ombodi','József','','','13-443-0'),
('93354','Papp','János','István','','13-443-0'),
('93979','Pisiák','Ágoston','István','','13-443-0'),
('93426','Wild','Zoltán','','','13-443-0'),
('94918','Bognár','József','Ferenc','','13-444-0'),
('94982','Breza','Arnold','','','13-444-0'),
('93622','Hajdu','Tibor','','','13-444-0'),
('95499','Jaksi','Mihály','','','13-444-0'),
('95444','Krehely','Sándor','','','13-444-0'),
('95445','Máté','Zoltán','','','13-444-0'),
('95501','Örkényi','Szabolcs','András','','13-444-0'),
('95246','Pusztai','Olivér','','','13-444-0'),
('95323','Ragályi','László','József','','13-444-0'),
('95500','Remisch','Bence','','','13-444-0'),
('94897','Steer','János','','','13-444-0'),
('95452','Buczynski','Kazimierz','Edward','','11-300-0'),
('93303','Erőss','Mihály','','','11-310-0'),
('95450','Kormány','Nándor','','','11-310-0'),
('93387','Laczkó','József','','','11-310-0'),
('93306','Mityka','György','','','11-310-0'),
('93318','Örkényi','Zsolt','','','11-310-0'),
('95225','Szabó','Bence','','','11-310-0'),
('95238','Tóth','Miklós','','','11-310-0'),
('94973','Végh','Benjamin','Ákos','','11-310-0'),
('94288','Barát','Imre','','','11-330-0'),
('94830','Egyed','István','','','11-330-0'),
('93621','Jenei','László','','','11-330-0'),
('95394','Máté','István','','','11-330-0'),
('95058','Molnár','András','','','11-330-0'),
('93397','Németh','Attila','','','11-330-0'),
('95252','Öreg','Zoltán','','','11-330-0'),
('94664','Papp','Imre','László','','11-330-0'),
('95449','Rőth','Ágnes','Beáta','','11-330-0'),
('93618','Szakács','Sándor','','','11-330-0'),
('95476','Ihász','Andrea','','','11-410-0'),
('94673','Kiss','András','','','11-410-0'),
('95120','Kohut','Barbara','','','11-410-0'),
('94896','Tokai','Károly','','','11-410-0'),
('95159','Tóth','Gábor','','','11-410-0'),
('95515','Verseczki','András','Manó','','11-410-0'),
('95387','Berencsi','Attila','Endre','','12-340-0'),
('93560','Bognár','Gyuláné','','','12-340-0'),
('93291','Holló','János','','','12-340-0'),
('93749','Plavecz','József','','','12-340-0'),
('95455','Bányai','Károly','Zsolt','','13-333-0'),
('95490','Hartmann','Csaba','','','13-333-0'),
('95243','Ködmön','Emil','','','13-333-0'),
('95453','Remete','József','','','13-333-0'),
('95236','Rezsu','Sándor','','','13-333-0'),
('95270','Savella','Bálint','','','13-333-0'),
('93627','Szalkai','László','','','13-333-0'),
('93615','Székelyi','István','','','13-333-0'),
('95283','Vidosa','Zoltán','','','13-333-0'),
('93743','Gulyás','Zoltán','','','14-460-0'),
('94805','Héni','Tibor','','','14-460-0'),
('95440','Kóczé','Dezső','','','14-460-0'),
('94989','Sasvári','Krisztina','Judit','','14-460-0'),
('93293','Sebestyén','Tibor','','','14-460-0'),
('95516','Tisóczki','Richárd','Zsolt','','14-460-0');
insert into szerep values
('mérőeszköz felügyelő'),
('metrológus'),
('laborvezető'),
('lekérdező'),
('admin');
insert into minosites values
('kalibrált'),
('nem kalibrált'),
('selejt');
insert into me values
('UNI','univerzális'),
('-','határozatlan'),
('%','Százalék'),
('%(t)','Tömegszázalék'),
('%(V)','Térfogatszázalék'),
('%o(t)','Tömegezrelék'),
('%o(V)','Térfogatezrelék'),
('°C','Celsius fok'),
('°F','Fahrenheit'),
('A','Amper'),
('bar','bar'),
('cm','Centiméter'),
('Coll','Inch'),
('F','Farad'),
('Fok','Fok'),
('g','Gramm'),
('h','Óra'),
('hPa','Hektopascal'),
('Hz','Hertz (1/másodperc)'),
('J','Joule'),
('K','Kelvin'),
('kA','Kiloamper'),
('kHz','Kilohertz'),
('kJ','Kilojoule'),
('km','Kilométer'),
('km/h','Kilométer/óra'),
('kN','Kilonewton'),
('kOhm','Kiloohm'),
('kPa','Kilopascal'),
('kt','Kilotonna'),
('kV','Kilovolt'),
('kVA','Kilovoltamper'),
('kW','Kilowatt'),
('kWh','Kilowatt/óra'),
('l','Liter'),
('m','Méter'),
('m/s','Méter/másodperc'),
('m/s2','Méter/másodperc^2'),
('m2','Négyzetméter'),
('m3','Köbméter'),
('mA','Milliamper'),
('mbar','Millibar'),
('mF','Millifarad'),
('mg','Milligramm'),
('MGW','Megawatt'),
('MHz','Megahertz'),
('min','Perc'),
('MJ','Megajoule'),
('mJ','Millijoule'),
('ml','Milliliter'),
('mm','Milliméter'),
('mm2','Négyzetmilliméter'),
('mm3','Köbmilliméter'),
('MN','Meganewton'),
('MOhm','Megaohm'),
('MPa','Megapascal'),
('ms','Millimásodperc'),
('mT','Millitesla'),
('MV','Megavolt'),
('mV','Millivolt'),
('MVA','Megavoltamper'),
('mW','Milliwatt'),
('MWh','Megawattóra'),
('N','Newton'),
('N/m','Newton/Méter'),
('N/mm2','Newton/négyzetmilliméter'),
('nA','Nanoamper'),
('nF','Nanofarad'),
('nm','Nanométer'),
('ns','Nanomásodperc'),
('Ohm','Ohm'),
('Óra','Óra'),
('Pa','Pascal'),
('pF','Pikofarad'),
('ppb','Parts per billion'),
('ppb(m)','Massen-parts per billion'),
('ppb(V)','Volumen-parts per billion'),
('ppm','Parts per million'),
('ppm(m)','Massen-parts per million'),
('ppm(V)','Volumen-parts per million'),
('ppt','Parts per trillion'),
('ppt(m)','Massen-parts per trillion'),
('ppt(V)','Volumen-parts per trillion'),
('ps','Pikomásodperc'),
('s','Másodperc'),
('T','Tesla'),
('t','Tonna'),
('uA','Mikroamper'),
('uF','Mikrofarad'),
('um','Mikrométer'),
('V','Volt'),
('VA','Voltamper'),
('W','Watt');
insert into eszktipus values
('mechanikus'),
('mélységmérős'),
('csőrös'),
('kétoldalas'),
('univerzális'),
('kengyeles'),
('-');
insert into mukmod values
('mechanikus'),
('nóniuszos'),
('mérőórás'),
('digitális'),
('univerzális'),
('-');
insert into torzsadat values
('MEV0000001-1','tolóméró','Mitutoyo','15A2','nóniuszos','mélységmérős','1','mm','0.02','mm','0-150','mm',365,false),
('MEV0000002-2','mérőszalag','OBI','','mechanikus','mechanikus','1','mm','1','mm','0-3','m',180,false),
('MEV0000003-3','talpas derékszög','','','mechanikus','mechanikus','','-','2','%','0-300','mm',365,false),
('MEV0000004-4','multiméter','Voltcraft','CAT III.','univerzális','univerzális','','-','','-','','-',720,false),
('MEV0000005-5','mikorméter','Mitutoyo','5075','nóniuszos','kengyeles','0.5','mm','0.01','mm','50-75','mm',90,false);

 insert into eszkoz(gravirszam,cikkszam,gysz,minosites,ekalibciklus,kaliblejar,uzemdatum) values
('100','MEV0000001-1','My 1234','kalibrált',180,'2020-12-31','2019-11-23'),
('101','MEV0000001-1','My 1872','kalibrált',360,'2021-12-31','2020-01-01'),
('102','MEV0000001-1','My 9812','kalibrált',120,'2021-03-31','2020-03-19'),
('103','MEV0000001-1','My 1882','kalibrált',720,'2020-12-31','2020-04-08'),
('104','MEV0000001-1','My 8712','kalibrált',540,'2022-06-17','2020-06-01');
	 
 